<?xml version="1.0" encoding="UTF-8"?>
<Configuration status="WARN">
	<Appenders>
		<Syslog name="syslog" host="62.90.132.124" port="514" protocol="UDP"
			facility="local3" appName="ROIZ_DEV" />
		<Console name="console" target="SYSTEM_OUT">
			<PatternLayout
				pattern="[%-5level] %d{yyyy-MM-dd HH:mm:ss.SSS} [%t] %c{1} - %msg%n" />
		</Console>
	</Appenders>
	<Loggers>
		<Root level="info" additivity="false">
			<AppenderRef ref="syslog" />
		</Root>
		<logger name="syslogger-production" level="error">
			<AppenderRef ref="syslog" />
		</logger>
		<logger name="syslog-debug" level="debug">
			<AppenderRef ref="syslog" />
		</logger>
	</Loggers>
</Configuration>